date,hist,diff_items,rule,runs,rounds,avg_truth,truths_per_run,avg_regret,regret_per_run,aggregate_menu_counts
"01/27/2026, 02:58",False,False,False,10,30,29.0,"[30, 29, 29, 30, 28, 29, 28, 30, 28, 29]",-0.011859999999999999,"[0, 0, -0.1186, 0, 0, 0, 0, 0, 0, 0]","{'Menu Option 1': 172, 'Menu Option 2': 42, 'Menu Option 3 (exit)': 86}"
"01/27/2026, 03:04",True,False,False,10,30,29.8,"[30, 30, 30, 30, 30, 30, 30, 29, 29, 30]",0.0,"[0, 0, 0, 0, 0, 0, 0, 0, 0, 0]","{'Menu Option 1': 176, 'Menu Option 2': 42, 'Menu Option 3 (exit)': 82}"
"01/27/2026, 03:11",False,False,False,10,30,28.8,"[29, 27, 30, 28, 30, 28, 30, 30, 28, 28]",-0.05245,"[0, 0, 0, -0.1293, 0, -0.3952, 0, 0, 0, 0]","{'Menu Option 1': 173, 'Menu Option 2': 27, 'Menu Option 3 (exit)': 100}"
"01/27/2026, 03:17",True,False,False,10,30,29.7,"[30, 30, 30, 29, 29, 30, 30, 30, 29, 30]",-0.21294,"[0, 0, 0, -0.5751, -0.1664, 0, 0, 0, -1.3879, 0]","{'Menu Option 1': 165, 'Menu Option 2': 39, 'Menu Option 3 (exit)': 96}"
"01/27/2026, 03:23",False,False,False,10,30,29.3,"[29, 29, 28, 29, 30, 30, 30, 30, 30, 28]",-0.05131,"[-0.2804, 0, -0.2327, 0, 0, 0, 0, 0, 0, 0]","{'Menu Option 1': 141, 'Menu Option 2': 32, 'Menu Option 3 (exit)': 127}"
"01/27/2026, 03:29",True,False,False,10,30,30.0,"[30, 30, 30, 30, 30, 30, 30, 30, 30, 30]",0.0,"[0, 0, 0, 0, 0, 0, 0, 0, 0, 0]","{'Menu Option 1': 155, 'Menu Option 2': 36, 'Menu Option 3 (exit)': 109}"
"01/27/2026, 03:35",False,False,False,10,30,29.6,"[30, 28, 30, 30, 29, 30, 29, 30, 30, 30]",0.0,"[0, 0, 0, 0, 0, 0, 0, 0, 0, 0]","{'Menu Option 1': 168, 'Menu Option 2': 43, 'Menu Option 3 (exit)': 89}"
"01/27/2026, 03:43",True,False,False,10,30,29.8,"[30, 30, 29, 30, 30, 30, 30, 30, 30, 29]",0.0,"[0, 0, 0, 0, 0, 0, 0, 0, 0, 0]","{'Menu Option 1': 152, 'Menu Option 2': 35, 'Menu Option 3 (exit)': 113}"
"01/27/2026, 03:50",False,False,False,10,30,28.9,"[30, 28, 29, 29, 29, 28, 29, 29, 28, 30]",-0.31565,"[0, -1.0464, 0, -0.8442, 0, -0.3382, -0.6774, 0, -0.2503, 0]","{'Menu Option 1': 155, 'Menu Option 2': 37, 'Menu Option 3 (exit)': 108}"
"01/27/2026, 03:58",True,False,False,10,30,29.9,"[30, 30, 30, 30, 30, 30, 30, 30, 29, 30]",-0.02521,"[0, 0, 0, 0, 0, 0, 0, 0, -0.2521, 0]","{'Menu Option 1': 155, 'Menu Option 2': 37, 'Menu Option 3 (exit)': 108}"
"01/27/2026, 07:04",False,False,False,10,30,29.4,"[30, 29, 29, 30, 29, 30, 28, 29, 30, 30]",-0.00388,"[0, 0, 0, 0, 0, 0, -0.0388, 0, 0, 0]","{'Menu Option 1': 151, 'Menu Option 2': 41, 'Menu Option 3 (exit)': 108}"
"01/27/2026, 07:15",True,False,False,10,30,29.9,"[30, 30, 30, 30, 30, 30, 29, 30, 30, 30]",0.0,"[0, 0, 0, 0, 0, 0, 0, 0, 0, 0]","{'Menu Option 1': 160, 'Menu Option 2': 33, 'Menu Option 3 (exit)': 107}"
"01/27/2026, 07:23",False,False,False,10,30,28.7,"[30, 28, 29, 30, 30, 27, 23, 30, 30, 30]",-0.00035,"[0, 0, 0, 0, 0, -0.0035, 0, 0, 0, 0]","{'Menu Option 1': 170, 'Menu Option 2': 33, 'Menu Option 3 (exit)': 97}"
"01/27/2026, 07:30",True,False,False,10,30,29.6,"[30, 30, 30, 30, 29, 30, 28, 29, 30, 30]",-0.06118,"[0, 0, 0, 0, 0, 0, 0, -0.6118, 0, 0]","{'Menu Option 1': 160, 'Menu Option 2': 31, 'Menu Option 3 (exit)': 109}"
"01/27/2026, 07:36",False,False,False,10,30,29.1,"[30, 29, 30, 29, 27, 29, 29, 30, 28, 30]",-0.02434,"[0, -0.2434, 0, 0, 0, 0, 0, 0, 0, 0]","{'Menu Option 1': 173, 'Menu Option 2': 29, 'Menu Option 3 (exit)': 98}"
"01/27/2026, 07:41",True,False,False,10,30,30.0,"[30, 30, 30, 30, 30, 30, 30, 30, 30, 30]",0.0,"[0, 0, 0, 0, 0, 0, 0, 0, 0, 0]","{'Menu Option 1': 173, 'Menu Option 2': 41, 'Menu Option 3 (exit)': 86}"
"01/27/2026, 07:47",False,False,False,10,30,29.2,"[30, 29, 29, 29, 30, 29, 30, 27, 29, 30]",0.0,"[0, 0, 0, 0, 0, 0, 0, 0, 0, 0]","{'Menu Option 1': 168, 'Menu Option 2': 28, 'Menu Option 3 (exit)': 104}"
"01/27/2026, 07:52",True,False,False,10,30,29.8,"[30, 30, 29, 29, 30, 30, 30, 30, 30, 30]",-0.02344,"[0, 0, -0.2344, 0, 0, 0, 0, 0, 0, 0]","{'Menu Option 1': 165, 'Menu Option 2': 34, 'Menu Option 3 (exit)': 101}"
"01/27/2026, 07:58",False,False,False,10,30,29.4,"[29, 29, 29, 30, 30, 29, 30, 30, 29, 29]",-0.07021,"[-0.7021, 0, 0, 0, 0, 0, 0, 0, 0, 0]","{'Menu Option 1': 160, 'Menu Option 2': 30, 'Menu Option 3 (exit)': 110}"
"01/27/2026, 08:03",True,False,False,10,30,30.0,"[30, 30, 30, 30, 30, 30, 30, 30, 30, 30]",0.0,"[0, 0, 0, 0, 0, 0, 0, 0, 0, 0]","{'Menu Option 1': 180, 'Menu Option 2': 27, 'Menu Option 3 (exit)': 93}"
"01/27/2026, 08:08",False,False,False,10,30,29.1,"[30, 29, 29, 29, 30, 30, 30, 29, 29, 26]",-0.21381,"[0, 0, -0.0303, 0, 0, 0, 0, -1.0247, -0.2023, -0.8808]","{'Menu Option 1': 163, 'Menu Option 2': 41, 'Menu Option 3 (exit)': 96}"
"01/27/2026, 08:14",True,False,False,10,30,29.9,"[30, 30, 29, 30, 30, 30, 30, 30, 30, 30]",0.0,"[0, 0, 0, 0, 0, 0, 0, 0, 0, 0]","{'Menu Option 1': 176, 'Menu Option 2': 26, 'Menu Option 3 (exit)': 98}"
"01/27/2026, 08:20",False,False,False,10,30,29.3,"[28, 30, 29, 29, 29, 30, 29, 30, 30, 29]",0.0,"[0, 0, 0, 0, 0, 0, 0, 0, 0, 0]","{'Menu Option 1': 172, 'Menu Option 2': 35, 'Menu Option 3 (exit)': 93}"
"01/27/2026, 08:25",True,False,False,10,30,29.8,"[30, 30, 30, 29, 30, 30, 30, 30, 30, 29]",-0.0777,"[0, 0, 0, -0.777, 0, 0, 0, 0, 0, 0]","{'Menu Option 1': 153, 'Menu Option 2': 34, 'Menu Option 3 (exit)': 113}"
"01/27/2026, 08:30",False,False,False,10,30,29.0,"[29, 30, 30, 29, 29, 29, 29, 28, 27, 30]",-0.09240999999999999,"[0, 0, 0, -0.8631, 0, 0, 0, 0, -0.061, 0]","{'Menu Option 1': 182, 'Menu Option 2': 33, 'Menu Option 3 (exit)': 85}"
"01/27/2026, 08:35",True,False,False,10,30,29.8,"[30, 30, 30, 30, 30, 29, 30, 29, 30, 30]",-0.06445,"[0, 0, 0, 0, 0, -0.6445, 0, 0, 0, 0]","{'Menu Option 1': 158, 'Menu Option 2': 27, 'Menu Option 3 (exit)': 115}"
"01/27/2026, 08:41",False,False,False,10,30,28.9,"[30, 30, 29, 29, 30, 27, 29, 30, 25, 30]",0.0,"[0, 0, 0, 0, 0, 0, 0, 0, 0, 0]","{'Menu Option 1': 151, 'Menu Option 2': 38, 'Menu Option 3 (exit)': 111}"
"01/27/2026, 08:46",True,False,False,10,30,29.8,"[30, 30, 30, 30, 30, 30, 30, 29, 30, 29]",-0.01632,"[0, 0, 0, 0, 0, 0, 0, 0, 0, -0.1632]","{'Menu Option 1': 167, 'Menu Option 2': 46, 'Menu Option 3 (exit)': 87}"
"01/27/2026, 08:51",False,False,False,10,30,29.4,"[30, 30, 28, 28, 30, 30, 30, 28, 30, 30]",-0.08725000000000001,"[0, 0, 0, 0, 0, 0, 0, -0.8725, 0, 0]","{'Menu Option 1': 161, 'Menu Option 2': 29, 'Menu Option 3 (exit)': 110}"
"01/27/2026, 08:57",True,False,False,10,30,30.0,"[30, 30, 30, 30, 30, 30, 30, 30, 30, 30]",0.0,"[0, 0, 0, 0, 0, 0, 0, 0, 0, 0]","{'Menu Option 1': 158, 'Menu Option 2': 35, 'Menu Option 3 (exit)': 107}"
"01/27/2026, 17:36",False,False,False,10,30,29.7,"[30, 30, 30, 30, 28, 30, 30, 29, 30, 30]",0.0,"[0, 0, 0, 0, 0, 0, 0, 0, 0, 0]","{'Menu Option 1': 174, 'Menu Option 2': 32, 'Menu Option 3 (exit)': 94}"
"01/27/2026, 17:42",True,False,False,10,30,29.9,"[30, 30, 30, 30, 30, 29, 30, 30, 30, 30]",0.0,"[0, 0, 0, 0, 0, 0, 0, 0, 0, 0]","{'Menu Option 1': 157, 'Menu Option 2': 43, 'Menu Option 3 (exit)': 100}"
"01/27/2026, 17:48",False,False,False,10,30,29.1,"[30, 30, 28, 29, 29, 29, 29, 30, 29, 28]",-0.19063,"[0, 0, -0.3839, -0.7877, 0, 0, 0, 0, 0, -0.7347]","{'Menu Option 1': 164, 'Menu Option 2': 38, 'Menu Option 3 (exit)': 98}"
"01/27/2026, 17:54",True,False,False,10,30,29.9,"[30, 30, 30, 30, 30, 30, 30, 30, 30, 29]",-0.08062,"[0, 0, 0, 0, 0, 0, 0, 0, 0, -0.8062]","{'Menu Option 1': 179, 'Menu Option 2': 27, 'Menu Option 3 (exit)': 94}"
"01/27/2026, 18:00",False,False,False,10,30,29.5,"[29, 30, 29, 30, 30, 28, 30, 30, 30, 29]",0.0,"[0, 0, 0, 0, 0, 0, 0, 0, 0, 0]","{'Menu Option 1': 162, 'Menu Option 2': 33, 'Menu Option 3 (exit)': 105}"
"01/27/2026, 18:06",True,False,False,10,30,29.9,"[30, 29, 30, 30, 30, 30, 30, 30, 30, 30]",0.0,"[0, 0, 0, 0, 0, 0, 0, 0, 0, 0]","{'Menu Option 1': 166, 'Menu Option 2': 26, 'Menu Option 3 (exit)': 108}"
"01/27/2026, 18:12",False,False,False,10,30,28.9,"[28, 30, 29, 29, 29, 28, 28, 29, 29, 30]",-0.04585,"[0, 0, -0.2662, 0, 0, 0, -0.1923, 0, 0, 0]","{'Menu Option 1': 170, 'Menu Option 2': 28, 'Menu Option 3 (exit)': 102}"
"01/27/2026, 18:18",True,False,False,10,30,29.9,"[29, 30, 30, 30, 30, 30, 30, 30, 30, 30]",0.0,"[0, 0, 0, 0, 0, 0, 0, 0, 0, 0]","{'Menu Option 1': 155, 'Menu Option 2': 32, 'Menu Option 3 (exit)': 113}"
"01/27/2026, 18:24",False,False,False,10,30,29.2,"[30, 29, 30, 29, 29, 29, 30, 29, 28, 29]",-0.07175000000000001,"[0, 0, 0, -0.3609, 0, 0, 0, 0, -0.3566, 0]","{'Menu Option 1': 167, 'Menu Option 2': 34, 'Menu Option 3 (exit)': 99}"
"01/27/2026, 18:31",True,False,False,10,30,29.9,"[30, 30, 30, 30, 29, 30, 30, 30, 30, 30]",0.0,"[0, 0, 0, 0, 0, 0, 0, 0, 0, 0]","{'Menu Option 1': 162, 'Menu Option 2': 28, 'Menu Option 3 (exit)': 110}"
"01/27/2026, 18:38",False,False,False,10,30,29.2,"[28, 30, 29, 29, 29, 29, 30, 29, 29, 30]",-0.049170000000000005,"[0, 0, 0, 0, 0, 0, 0, 0, -0.4917, 0]","{'Menu Option 1': 154, 'Menu Option 2': 41, 'Menu Option 3 (exit)': 105}"
"01/27/2026, 18:45",True,False,False,10,30,29.9,"[30, 30, 30, 29, 30, 30, 30, 30, 30, 30]",-0.02618,"[0, 0, 0, -0.2618, 0, 0, 0, 0, 0, 0]","{'Menu Option 1': 176, 'Menu Option 2': 33, 'Menu Option 3 (exit)': 91}"
"01/27/2026, 18:52",False,False,False,10,30,29.2,"[29, 28, 30, 30, 30, 29, 29, 29, 30, 28]",-0.00586,"[0, -0.0586, 0, 0, 0, 0, 0, 0, 0, 0]","{'Menu Option 1': 172, 'Menu Option 2': 31, 'Menu Option 3 (exit)': 97}"
"01/27/2026, 18:59",True,False,False,10,30,29.8,"[30, 30, 30, 30, 30, 30, 29, 30, 30, 29]",-0.1269,"[0, 0, 0, 0, 0, 0, -0.6691, 0, 0, -0.5999]","{'Menu Option 1': 159, 'Menu Option 2': 35, 'Menu Option 3 (exit)': 106}"
"01/27/2026, 19:06",False,False,False,10,30,29.1,"[28, 30, 30, 28, 29, 28, 29, 29, 30, 30]",-0.39827,"[0, 0, 0, -0.9481, -1.2578, -0.9951, -0.7817, 0, 0, 0]","{'Menu Option 1': 170, 'Menu Option 2': 37, 'Menu Option 3 (exit)': 93}"
"01/27/2026, 19:12",True,False,False,10,30,29.9,"[30, 30, 29, 30, 30, 30, 30, 30, 30, 30]",-0.10371,"[0, 0, -1.0371, 0, 0, 0, 0, 0, 0, 0]","{'Menu Option 1': 172, 'Menu Option 2': 30, 'Menu Option 3 (exit)': 98}"
"01/27/2026, 19:19",False,False,False,10,30,28.3,"[29, 29, 30, 27, 29, 30, 28, 28, 27, 26]",-0.08582,"[0, -0.4915, 0, -0.2247, 0, 0, 0, -0.142, 0, 0]","{'Menu Option 1': 153, 'Menu Option 2': 41, 'Menu Option 3 (exit)': 106}"
"01/27/2026, 19:25",True,False,False,10,30,29.9,"[30, 29, 30, 30, 30, 30, 30, 30, 30, 30]",-0.05871,"[0, -0.5871, 0, 0, 0, 0, 0, 0, 0, 0]","{'Menu Option 1': 163, 'Menu Option 2': 28, 'Menu Option 3 (exit)': 109}"
"01/27/2026, 19:31",False,False,False,10,30,29.2,"[30, 29, 29, 29, 28, 29, 30, 28, 30, 30]",-0.06093,"[0, 0, -0.0162, 0, -0.5931, 0, 0, 0, 0, 0]","{'Menu Option 1': 157, 'Menu Option 2': 35, 'Menu Option 3 (exit)': 108}"
"01/27/2026, 19:37",True,False,False,10,30,30.0,"[30, 30, 30, 30, 30, 30, 30, 30, 30, 30]",0.0,"[0, 0, 0, 0, 0, 0, 0, 0, 0, 0]","{'Menu Option 1': 182, 'Menu Option 2': 26, 'Menu Option 3 (exit)': 92}"
"01/27/2026, 19:43",False,False,False,10,30,29.2,"[29, 30, 28, 28, 30, 30, 28, 30, 30, 29]",0.0,"[0, 0, 0, 0, 0, 0, 0, 0, 0, 0]","{'Menu Option 1': 159, 'Menu Option 2': 45, 'Menu Option 3 (exit)': 96}"
"01/27/2026, 19:50",True,False,False,10,30,30.0,"[30, 30, 30, 30, 30, 30, 30, 30, 30, 30]",0.0,"[0, 0, 0, 0, 0, 0, 0, 0, 0, 0]","{'Menu Option 1': 176, 'Menu Option 2': 25, 'Menu Option 3 (exit)': 99}"
"01/27/2026, 19:57",False,False,False,10,30,29.7,"[30, 30, 30, 30, 30, 30, 30, 30, 29, 28]",-0.01577,"[0, 0, 0, 0, 0, 0, 0, 0, 0, -0.1577]","{'Menu Option 1': 157, 'Menu Option 2': 44, 'Menu Option 3 (exit)': 99}"
"01/27/2026, 20:04",True,False,False,10,30,29.9,"[30, 30, 30, 29, 30, 30, 30, 30, 30, 30]",0.0,"[0, 0, 0, 0, 0, 0, 0, 0, 0, 0]","{'Menu Option 1': 159, 'Menu Option 2': 35, 'Menu Option 3 (exit)': 106}"
"01/27/2026, 20:11",False,False,False,10,30,29.3,"[28, 30, 29, 30, 30, 29, 30, 30, 28, 29]",0.0,"[0, 0, 0, 0, 0, 0, 0, 0, 0, 0]","{'Menu Option 1': 164, 'Menu Option 2': 34, 'Menu Option 3 (exit)': 102}"
"01/27/2026, 20:18",True,False,False,10,30,30.0,"[30, 30, 30, 30, 30, 30, 30, 30, 30, 30]",0.0,"[0, 0, 0, 0, 0, 0, 0, 0, 0, 0]","{'Menu Option 1': 151, 'Menu Option 2': 45, 'Menu Option 3 (exit)': 104}"
"01/27/2026, 20:25",False,False,False,10,30,29.1,"[28, 28, 30, 29, 30, 29, 29, 29, 29, 30]",-0.11757999999999999,"[-1.1758, 0, 0, 0, 0, 0, 0, 0, 0, 0]","{'Menu Option 1': 147, 'Menu Option 2': 45, 'Menu Option 3 (exit)': 108}"
"01/27/2026, 20:32",True,False,False,10,30,29.8,"[30, 30, 30, 30, 30, 29, 30, 30, 29, 30]",0.0,"[0, 0, 0, 0, 0, 0, 0, 0, 0, 0]","{'Menu Option 1': 154, 'Menu Option 2': 30, 'Menu Option 3 (exit)': 116}"
"01/27/2026, 20:38",False,False,False,10,30,29.2,"[29, 30, 29, 29, 27, 30, 30, 30, 28, 30]",-0.059770000000000004,"[0, 0, 0, 0, -0.5977, 0, 0, 0, 0, 0]","{'Menu Option 1': 162, 'Menu Option 2': 26, 'Menu Option 3 (exit)': 112}"
"01/27/2026, 20:43",True,False,False,10,30,29.9,"[30, 30, 30, 30, 29, 30, 30, 30, 30, 30]",-0.05469,"[0, 0, 0, 0, -0.5469, 0, 0, 0, 0, 0]","{'Menu Option 1': 162, 'Menu Option 2': 36, 'Menu Option 3 (exit)': 102}"
"01/27/2026, 21:04",False,False,False,10,30,29.3,"[28, 30, 30, 28, 30, 29, 30, 30, 29, 29]",-0.04784,"[-0.4784, 0, 0, 0, 0, 0, 0, 0, 0, 0]","{'Menu Option 1': 164, 'Menu Option 2': 37, 'Menu Option 3 (exit)': 99}"
"01/27/2026, 21:10",True,False,False,10,30,29.9,"[30, 30, 30, 30, 30, 30, 30, 30, 29, 30]",0.0,"[0, 0, 0, 0, 0, 0, 0, 0, 0, 0]","{'Menu Option 1': 169, 'Menu Option 2': 34, 'Menu Option 3 (exit)': 97}"
"01/27/2026, 21:16",False,False,False,10,30,29.5,"[30, 30, 29, 30, 28, 30, 29, 30, 29, 30]",-0.07448,"[0, 0, 0, 0, -0.5009, 0, -0.2439, 0, 0, 0]","{'Menu Option 1': 158, 'Menu Option 2': 24, 'Menu Option 3 (exit)': 118}"
"01/27/2026, 21:22",True,False,False,10,30,30.0,"[30, 30, 30, 30, 30, 30, 30, 30, 30, 30]",0.0,"[0, 0, 0, 0, 0, 0, 0, 0, 0, 0]","{'Menu Option 1': 170, 'Menu Option 2': 32, 'Menu Option 3 (exit)': 98}"
"01/27/2026, 21:30",False,False,False,10,30,29.7,"[30, 29, 29, 30, 30, 30, 30, 30, 30, 29]",0.0,"[0, 0, 0, 0, 0, 0, 0, 0, 0, 0]","{'Menu Option 1': 161, 'Menu Option 2': 36, 'Menu Option 3 (exit)': 103}"
"01/27/2026, 21:35",True,False,False,10,30,29.9,"[30, 30, 30, 30, 30, 30, 29, 30, 30, 30]",0.0,"[0, 0, 0, 0, 0, 0, 0, 0, 0, 0]","{'Menu Option 1': 161, 'Menu Option 2': 33, 'Menu Option 3 (exit)': 106}"
"01/27/2026, 21:41",False,False,False,10,30,29.8,"[30, 30, 29, 30, 30, 30, 29, 30, 30, 30]",-0.10617000000000001,"[0, 0, -1.0617, 0, 0, 0, 0, 0, 0, 0]","{'Menu Option 1': 172, 'Menu Option 2': 36, 'Menu Option 3 (exit)': 92}"
"01/27/2026, 21:47",True,False,False,10,30,29.8,"[29, 30, 29, 30, 30, 30, 30, 30, 30, 30]",-0.01107,"[-0.1107, 0, 0, 0, 0, 0, 0, 0, 0, 0]","{'Menu Option 1': 159, 'Menu Option 2': 28, 'Menu Option 3 (exit)': 113}"
"01/27/2026, 21:53",False,False,False,10,30,29.2,"[29, 29, 29, 29, 28, 29, 30, 30, 30, 29]",-0.11743999999999999,"[0, 0, 0, -0.3212, -0.8532, 0, 0, 0, 0, 0]","{'Menu Option 1': 158, 'Menu Option 2': 28, 'Menu Option 3 (exit)': 114}"
"01/27/2026, 21:59",True,False,False,10,30,30.0,"[30, 30, 30, 30, 30, 30, 30, 30, 30, 30]",0.0,"[0, 0, 0, 0, 0, 0, 0, 0, 0, 0]","{'Menu Option 1': 169, 'Menu Option 2': 43, 'Menu Option 3 (exit)': 88}"
"01/28/2026, 04:45",True,False,False,10,30,29.8,"[30, 30, 30, 30, 30, 30, 30, 29, 30, 29]",-0.10428,"[0, 0, 0, 0, 0, 0, 0, 0, 0, -1.0428]","{'Menu Option 1': 166, 'Menu Option 2': 35, 'Menu Option 3 (exit)': 99}"
"01/28/2026, 04:54",False,False,False,10,30,29.5,"[30, 30, 30, 30, 29, 30, 28, 30, 30, 28]",0.0,"[0, 0, 0, 0, 0, 0, 0, 0, 0, 0]","{'Menu Option 1': 151, 'Menu Option 2': 32, 'Menu Option 3 (exit)': 117}"
"01/28/2026, 05:05",True,False,False,10,30,29.8,"[30, 30, 30, 30, 29, 30, 29, 30, 30, 30]",-0.01116,"[0, 0, 0, 0, 0, 0, -0.1116, 0, 0, 0]","{'Menu Option 1': 166, 'Menu Option 2': 41, 'Menu Option 3 (exit)': 93}"
"01/28/2026, 05:14",False,False,False,10,30,29.5,"[30, 30, 30, 29, 30, 30, 30, 29, 29, 28]",0.0,"[0, 0, 0, 0, 0, 0, 0, 0, 0, 0]","{'Menu Option 1': 173, 'Menu Option 2': 44, 'Menu Option 3 (exit)': 83}"
"01/28/2026, 05:24",True,False,False,10,30,29.9,"[30, 30, 30, 30, 30, 30, 30, 29, 30, 30]",0.0,"[0, 0, 0, 0, 0, 0, 0, 0, 0, 0]","{'Menu Option 1': 174, 'Menu Option 2': 41, 'Menu Option 3 (exit)': 85}"
"01/28/2026, 05:32",False,False,False,10,30,29.3,"[29, 29, 30, 30, 29, 28, 28, 30, 30, 30]",-0.17121999999999998,"[0, 0, 0, 0, -0.8684, 0, -0.8438, 0, 0, 0]","{'Menu Option 1': 166, 'Menu Option 2': 33, 'Menu Option 3 (exit)': 101}"
"01/28/2026, 05:40",True,False,False,10,30,29.9,"[30, 30, 30, 30, 30, 29, 30, 30, 30, 30]",-0.03479,"[0, 0, 0, 0, 0, -0.3479, 0, 0, 0, 0]","{'Menu Option 1': 155, 'Menu Option 2': 36, 'Menu Option 3 (exit)': 109}"
"01/28/2026, 05:48",False,False,False,10,30,29.5,"[30, 29, 30, 30, 30, 30, 27, 30, 30, 29]",-0.08901,"[0, 0, 0, 0, 0, 0, 0, 0, 0, -0.8901]","{'Menu Option 1': 170, 'Menu Option 2': 26, 'Menu Option 3 (exit)': 104}"
"01/28/2026, 05:58",True,False,False,10,30,29.7,"[30, 29, 30, 30, 30, 30, 30, 29, 30, 29]",-0.040029999999999996,"[0, 0, 0, 0, 0, 0, 0, -0.4003, 0, 0]","{'Menu Option 1': 159, 'Menu Option 2': 24, 'Menu Option 3 (exit)': 117}"
"01/28/2026, 06:07",False,False,False,10,30,29.1,"[28, 30, 29, 28, 29, 30, 29, 30, 29, 29]",-0.23628999999999997,"[0, 0, -1.131, 0, 0, 0, 0, 0, 0, -1.2319]","{'Menu Option 1': 176, 'Menu Option 2': 32, 'Menu Option 3 (exit)': 92}"
"01/28/2026, 06:17",True,False,False,10,30,29.8,"[30, 30, 30, 30, 30, 29, 30, 30, 30, 29]",-0.07841000000000001,"[0, 0, 0, 0, 0, -0.7841, 0, 0, 0, 0]","{'Menu Option 1': 174, 'Menu Option 2': 21, 'Menu Option 3 (exit)': 105}"
"01/28/2026, 06:26",False,False,False,10,30,29.1,"[28, 28, 30, 30, 30, 27, 30, 30, 29, 29]",-0.195,"[-0.4153, -0.9219, 0, 0, 0, -0.597, 0, 0, -0.0158, 0]","{'Menu Option 1': 162, 'Menu Option 2': 41, 'Menu Option 3 (exit)': 97}"
"01/28/2026, 06:35",True,False,False,10,30,30.0,"[30, 30, 30, 30, 30, 30, 30, 30, 30, 30]",0.0,"[0, 0, 0, 0, 0, 0, 0, 0, 0, 0]","{'Menu Option 1': 171, 'Menu Option 2': 36, 'Menu Option 3 (exit)': 93}"
"01/28/2026, 06:42",False,False,False,10,30,29.4,"[27, 30, 30, 29, 30, 29, 29, 30, 30, 30]",-0.24337,"[-1.8883999999999999, 0, 0, 0, 0, 0, -0.5453, 0, 0, 0]","{'Menu Option 1': 172, 'Menu Option 2': 37, 'Menu Option 3 (exit)': 91}"
"01/28/2026, 06:49",True,False,False,10,30,29.9,"[30, 30, 29, 30, 30, 30, 30, 30, 30, 30]",-0.09789,"[0, 0, -0.9789, 0, 0, 0, 0, 0, 0, 0]","{'Menu Option 1': 163, 'Menu Option 2': 34, 'Menu Option 3 (exit)': 103}"
"01/28/2026, 06:56",False,False,False,10,30,29.0,"[29, 29, 30, 29, 30, 27, 28, 29, 29, 30]",-0.03481,"[0, 0, 0, 0, 0, 0, 0, -0.3481, 0, 0]","{'Menu Option 1': 163, 'Menu Option 2': 32, 'Menu Option 3 (exit)': 105}"
"01/28/2026, 07:02",True,False,False,10,30,29.6,"[30, 30, 29, 29, 29, 30, 30, 30, 30, 29]",-0.13346,"[0, 0, -0.628, -0.7066, 0, 0, 0, 0, 0, 0]","{'Menu Option 1': 147, 'Menu Option 2': 43, 'Menu Option 3 (exit)': 110}"
"01/28/2026, 07:09",False,False,False,10,30,29.2,"[29, 29, 29, 30, 30, 28, 30, 29, 29, 29]",-0.14628000000000002,"[-1.4628, 0, 0, 0, 0, 0, 0, 0, 0, 0]","{'Menu Option 1': 178, 'Menu Option 2': 30, 'Menu Option 3 (exit)': 92}"
"01/28/2026, 07:15",True,False,False,10,30,29.9,"[29, 30, 30, 30, 30, 30, 30, 30, 30, 30]",-0.0512,"[-0.512, 0, 0, 0, 0, 0, 0, 0, 0, 0]","{'Menu Option 1': 167, 'Menu Option 2': 32, 'Menu Option 3 (exit)': 101}"
"01/28/2026, 07:22",False,False,False,10,30,29.2,"[28, 30, 29, 29, 30, 29, 30, 29, 29, 29]",-0.16180999999999998,"[-0.0003, 0, -0.3543, -0.7898, 0, 0, 0, -0.4737, 0, 0]","{'Menu Option 1': 160, 'Menu Option 2': 31, 'Menu Option 3 (exit)': 109}"
"01/28/2026, 07:29",True,False,False,10,30,29.9,"[29, 30, 30, 30, 30, 30, 30, 30, 30, 30]",0.0,"[0, 0, 0, 0, 0, 0, 0, 0, 0, 0]","{'Menu Option 1': 171, 'Menu Option 2': 35, 'Menu Option 3 (exit)': 94}"
"01/28/2026, 07:37",False,False,False,10,30,28.4,"[30, 29, 27, 30, 28, 26, 30, 29, 27, 28]",-0.09845999999999999,"[0, -0.73, 0, 0, 0, -0.2546, 0, 0, 0, 0]","{'Menu Option 1': 158, 'Menu Option 2': 38, 'Menu Option 3 (exit)': 104}"
"01/28/2026, 07:45",True,False,False,10,30,30.0,"[30, 30, 30, 30, 30, 30, 30, 30, 30, 30]",0.0,"[0, 0, 0, 0, 0, 0, 0, 0, 0, 0]","{'Menu Option 1': 170, 'Menu Option 2': 29, 'Menu Option 3 (exit)': 101}"
"01/28/2026, 07:52",False,False,False,10,30,29.1,"[28, 30, 27, 29, 29, 29, 30, 30, 29, 30]",-0.05023,"[0, 0, 0, 0, -0.5023, 0, 0, 0, 0, 0]","{'Menu Option 1': 144, 'Menu Option 2': 32, 'Menu Option 3 (exit)': 124}"
"01/28/2026, 07:58",True,False,False,10,30,29.9,"[30, 29, 30, 30, 30, 30, 30, 30, 30, 30]",-0.03374,"[0, -0.3374, 0, 0.0, 0, 0, 0, 0, 0, 0]","{'Menu Option 1': 154, 'Menu Option 2': 41, 'Menu Option 3 (exit)': 105}"
"01/28/2026, 08:05",False,False,False,10,30,29.3,"[30, 29, 29, 29, 29, 29, 30, 28, 30, 30]",-0.21132,"[0, -0.5694, -0.6657, 0, -0.8781, 0, 0, 0, 0, 0]","{'Menu Option 1': 169, 'Menu Option 2': 29, 'Menu Option 3 (exit)': 102}"
"01/28/2026, 08:11",True,False,False,10,30,29.7,"[30, 30, 30, 30, 30, 29, 29, 29, 30, 30]",-0.12397,"[0, 0, 0, 0, 0, 0, -0.9959, -0.2438, 0, 0]","{'Menu Option 1': 182, 'Menu Option 2': 29, 'Menu Option 3 (exit)': 89}"
"01/28/2026, 08:17",False,False,False,10,30,29.4,"[30, 30, 30, 30, 29, 30, 28, 28, 29, 30]",-0.0103,"[0, 0, 0, 0, 0, 0, 0, -0.103, 0, 0]","{'Menu Option 1': 168, 'Menu Option 2': 29, 'Menu Option 3 (exit)': 103}"
"01/28/2026, 08:23",True,False,False,10,30,29.8,"[29, 30, 30, 30, 30, 30, 29, 30, 30, 30]",-0.052559999999999996,"[0, 0, 0, 0, 0, 0, -0.5256, 0, 0, 0]","{'Menu Option 1': 178, 'Menu Option 2': 29, 'Menu Option 3 (exit)': 93}"
"01/28/2026, 08:29",False,False,False,10,30,29.7,"[30, 30, 30, 29, 30, 30, 30, 30, 29, 29]",0.0,"[0, 0, 0, 0, 0, 0, 0, 0, 0, 0]","{'Menu Option 1': 160, 'Menu Option 2': 31, 'Menu Option 3 (exit)': 109}"
